1994,A.C. Milan,1. Winner,Italy
1994,Barcelona,2. Runner Up,Spain
1994,A.C. Milan,3. Semifinalist,Italy
1994,Barcelona,3. Semifinalist,Spain
1994,Monaco,3. Semifinalist,France
1994,Porto,3. Semifinalist,Portugal
1994,A.C. Milan,4. Group Stage,Italy
1994,Barcelona,4. Group Stage,Spain
1994,Monaco,4. Group Stage,France
1994,Porto,4. Group Stage,Portugal
1994,Spartak Moscow,4. Group Stage,Russia
1994,Galatasaray,4. Group Stage,Turkey
1994,Werder Bremen,4. Group Stage,Germany
1994,Anderlecht,4. Group Stage,Netherlands
1994,A.C. Milan,6. Last 16,Italy
1994,Barcelona,6. Last 16,Spain
1994,Monaco,6. Last 16,France
1994,Porto,6. Last 16,Portugal
1994,Spartak Moscow,6. Last 16,Russia
1994,Galatasaray,6. Last 16,Turkey
1994,Werder Bremen,6. Last 16,Germany
1994,Anderlecht,6. Last 16,Netherlands
1994,Feyenoord,6. Last 16,Netherlands
1994,Steaua Bucuresti,6. Last 16,Romania
1994,Levski Sofia,6. Last 16,Bulgaria
1994,Copenhagen,6. Last 16,Denmark
1994,Sparta Prague,6. Last 16,Czech Republic
1994,Manchester United,6. Last 16,England
1994,Lech Poznan,6. Last 16,Poland
1994,Austria Wien,6. Last 16,Austria
1994,A.C. Milan,7. Last 32,Italy
1994,Barcelona,7. Last 32,Spain
1994,Monaco,7. Last 32,France
1994,Porto,7. Last 32,Portugal
1994,Spartak Moscow,7. Last 32,Russia
1994,Galatasaray,7. Last 32,Turkey
1994,Werder Bremen,7. Last 32,Germany
1994,Anderlecht,7. Last 32,Netherlands
1994,Feyenoord,7. Last 32,Netherlands
1994,Steaua Bucuresti,7. Last 32,Romania
1994,Levski Sofia,7. Last 32,Bulgaria
1994,Copenhagen,7. Last 32,Denmark
1994,Sparta Prague,7. Last 32,Czech Republic
1994,Manchester United,7. Last 32,England
1994,Lech Poznan,7. Last 32,Poland
1994,Austria Wien,7. Last 32,Austria
1994,Floriana,7. Last 32,Malta
1994,Akranes S.C.,7. Last 32,Iceland
1994,AEK Athens,7. Last 32,Greece
1994,Croatia Zagreb,7. Last 32,Croatia
1994,Rangers (IL),7. Last 32,Scotland
1994,Dinamo Minsk,7. Last 32,Belarus
1994,Linfield,7. Last 32,Northern Ireland
1994,FC Aarau,7. Last 32,Switzerland
1994,AIK,7. Last 32,Sweden
1994,HJK Helsinki,7. Last 32,Finland
1994,Kispest Honved,7. Last 32,Hungary
1994,Cork City,7. Last 32,Ireland
1994,Beitar Jerusalem,7. Last 32,Israel
1994,Skonto,7. Last 32,Latvia
1994,Dynamo Kyiv,7. Last 32,Ukraine
1994,Rosenborg BK,7. Last 32,Norway
1995,Ajax,1. Winner,Netherlands
1995,A.C. Milan,2. Runner Up,Italy
1995,Ajax,3. Semifinalist,Netherlands
1995,A.C. Milan,3. Semifinalist,Italy
1995,Bayern Munich,3. Semifinalist,Germany
1995,Paris Saint-Germain,3. Semifinalist,France
1995,Ajax,4. Quarterfinalist,Netherlands
1995,A.C. Milan,4. Quarterfinalist,Italy
1995,Bayern Munich,4. Quarterfinalist,Germany
1995,Paris Saint-Germain,4. Quarterfinalist,France
1995,IFK Goteborg,4. Quarterfinalist,Sweden
1995,Hajduk Split,4. Quarterfinalist,Croatia
1995,Barcelona,4. Quarterfinalist,Spain
1995,Benfica,4. Quarterfinalist,Portugal
1995,Ajax,6. Last 16,Netherlands
1995,A.C. Milan,6. Last 16,Italy
1995,Bayern Munich,6. Last 16,Germany
1995,Paris Saint-Germain,6. Last 16,France
1995,IFK Goteborg,6. Last 16,Sweden
1995,Hajduk Split,6. Last 16,Croatia
1995,Barcelona,6. Last 16,Spain
1995,Benfica,6. Last 16,Portugal
1995,Manchester United,6. Last 16,England
1995,Galatasaray,6. Last 16,Turkey
1995,Spartak Moscow,6. Last 16,Russia
1995,Dynamo Kyiv,6. Last 16,Ukraine
1995,Steaua Bucuresti,6. Last 16,Romania
1995,Anderlecht,6. Last 16,Netherlands
1995,FC Red Bull Salzburg,6. Last 16,Austria
1995,AEK Athens,6. Last 16,Greece
1995,Ajax,7. Last 32,Netherlands
1995,A.C. Milan,7. Last 32,Italy
1995,Bayern Munich,7. Last 32,Germany
1995,Paris Saint-Germain,7. Last 32,France
1995,IFK Goteborg,7. Last 32,Sweden
1995,Hajduk Split,7. Last 32,Croatia
1995,Barcelona,7. Last 32,Spain
1995,Benfica,7. Last 32,Portugal
1995,Manchester United,7. Last 32,England
1995,Galatasaray,7. Last 32,Turkey
1995,Spartak Moscow,7. Last 32,Russia
1995,Dynamo Kyiv,7. Last 32,Ukraine
1995,Steaua Bucuresti,7. Last 32,Romania
1995,Anderlecht,7. Last 32,Netherlands
1995,FC Red Bull Salzburg,7. Last 32,Austria
1995,AEK Athens,7. Last 32,Greece
1995,Avenir Beggen,7. Last 32,Luxembourg
1995,Galatasaray,7. Last 32,Turkey
1995,Sparta Prague,7. Last 32,Czech Republic
1995,IFK Goteborg,7. Last 32,Sweden
1995,Silkeborg,7. Last 32,Denmark
1995,Dynamo Kyiv,7. Last 32,Ukraine
1995,Paris Saint-Germain,7. Last 32,France
1995,Vac FC-Samsung,7. Last 32,Hungary
1995,Legia Warszawa,7. Last 32,Poland
1995,Hajduk Split,7. Last 32,Croatia
1995,Steaua Bucuresti,7. Last 32,Romania
1995,Servette,7. Last 32,Switzerland
1995,AEK Athens,7. Last 32,Greece
1995,Rangers (IL),7. Last 32,Scotland
1995,Maccabi Haifa,7. Last 32,Israel
1995,FC Red Bull Salzburg,7. Last 32,Austria
1996,Juventus,1. Winner,Italy
1996,Ajax,2. Runner Up,Netherlands
1996,Juventus,3. Semifinalist,Italy
1996,Ajax,3. Semifinalist,Netherlands
1996,Panathinaikos,3. Semifinalist,Greece
1996,Nantes,3. Semifinalist,France
1996,Juventus,4. Quarterfinalist,Italy
1996,Ajax,4. Quarterfinalist,Netherlands
1996,Panathinaikos,4. Quarterfinalist,Greece
1996,Nantes,4. Quarterfinalist,France
1996,Borussia Dortmund,4. Quarterfinalist,Germany
1996,Legia Warszawa,4. Quarterfinalist,Poland
1996,Real Madrid,4. Quarterfinalist,Spain
1996,Spartak Moscow,4. Quarterfinalist,Russia
1996,Juventus,6. Last 16,Italy
1996,Ajax,6. Last 16,Netherlands
1996,Panathinaikos,6. Last 16,Greece
1996,Nantes,6. Last 16,France
1996,Borussia Dortmund,6. Last 16,Germany
1996,Legia Warszawa,6. Last 16,Poland
1996,Real Madrid,6. Last 16,Spain
1996,Spartak Moscow,6. Last 16,Russia
1996,Porto,6. Last 16,Portugal
1996,Aalborg BK,6. Last 16,Denmark
1996,Rosenborg BK,6. Last 16,Norway
1996,Blackburn Rovers,6. Last 16,England
1996,Steaua Bucuresti,6. Last 16,Romania
1996,Rangers (IL),6. Last 16,Scotland
1996,Ferencvaros,6. Last 16,Hungary
1996,Grasshopper,6. Last 16,Switzerland
1996,Juventus,8. Last 24,Italy
1996,Ajax,8. Last 24,Netherlands
1996,Panathinaikos,8. Last 24,Greece
1996,Nantes,8. Last 24,France
1996,Borussia Dortmund,8. Last 24,Germany
1996,Legia Warszawa,8. Last 24,Poland
1996,Real Madrid,8. Last 24,Spain
1996,Spartak Moscow,8. Last 24,Russia
1996,Porto,8. Last 24,Portugal
1996,Aalborg BK,8. Last 24,Denmark
1996,Rosenborg BK,8. Last 24,Norway
1996,Blackburn Rovers,8. Last 24,England
1996,Steaua Bucuresti,8. Last 24,Romania
1996,Rangers (IL),8. Last 24,Scotland
1996,Ferencvaros,8. Last 24,Hungary
1996,Grasshopper,8. Last 24,Switzerland
1996,Maccabi Tel Aviv,8 Last 24,Israel
1996,Anorthosis,8 Last 24,Cyprus
1996,IFK Goteborg,8 Last 24,Sweden
1996,FC Red Bull Salzburg,8 Last 24,Austria
1996,Aalborg BK,8 Last 24,Denmark
1996,Besiktas,8 Last 24,Turkey
1996,Anderlecht,8 Last 24,Netherlands
1996,Hajduk Split,8 Last 24,Croatia
1997,Borussia Dortmund,1. Winner,Germany
1997,Juventus,2. Runner Up,Italy
1997,Borussia Dortmund,3. Semifinalist,Germany
1997,Juventus,3. Semifinalist,Italy
1997,Manchester United,3. Semifinalist,England
1997,Ajax,3. Semifinalist,Netherlands
1997,Borussia Dortmund,4. Quarterfinalist,Germany
1997,Juventus,4. Quarterfinalist,Italy
1997,Manchester United,4. Quarterfinalist,England
1997,Ajax,4. Quarterfinalist,Netherlands
1997,Auxerre,4. Quarterfinalist,France
1997,Porto,4. Quarterfinalist,Portugal
1997,Athletico Madrid,4. Quarterfinalist,Spain
1997,Rosenborg BK,4. Quarterfinalist,Norway
1997,Borussia Dortmund,6. Last 16,Germany
1997,Juventus,6. Last 16,Italy
1997,Manchester United,6. Last 16,England
1997,Ajax,6. Last 16,Netherlands
1997,Auxerre,6. Last 16,France
1997,Porto,6. Last 16,Portugal
1997,Athletico Madrid,6. Last 16,Spain
1997,Rosenborg BK,6. Last 16,Norway
1997,Grasshopper,6. Last 16,Switzerland
1997,Rangers (IL),6. Last 16,Scotland
1997,Widzew Lodz,6. Last 16,Poland
1997,Steaua Bucuresti,6. Last 16,Romania
1997,Fenerbahce,6. Last 16,Turkey
1997,Rapid Wien,6. Last 16,Austria
1997,A.C. Milan,6. Last 16,Italy
1997,IFK Goteborg,6. Last 16,Sweden
1997,Juventus,8. Last 24,Italy
1997,Manchester United,8. Last 24,England
1997,Ajax,8. Last 24,Netherlands
1997,Auxerre,8. Last 24,France
1997,Porto,8. Last 24,Portugal
1997,Athletico Madrid,8. Last 24,Spain
1997,Rosenborg BK,8. Last 24,Norway
1997,Grasshopper,8. Last 24,Switzerland
1997,Rangers (IL),8. Last 24,Scotland
1997,Widzew Lodz,8. Last 24,Poland
1997,Steaua Bucuresti,8. Last 24,Romania
1997,Fenerbahce,8. Last 24,Turkey
1997,Rapid Wien,8. Last 24,Austria
1997,A.C. Milan,8. Last 24,Italy
1997,IFK Goteborg,8. Last 24,Sweden
1997,Maccabi Tel Aviv,8. Last 24,Israel
1997,Alania Vladikavkaz,8. Last 24,Russia
1997,Panathinaikos,8. Last 24,Greece
1997,Ferencvaros,8. Last 24,Hungary
1997,Brondby,8. Last 24,Denmark
1997,Slavia Prague,8. Last 24,Czech Republic
1997,Club Brugge,8. Last 24,Belgium
1997,Dynamo Kyiv,8. Last 24,Ukraine
1998,Real Madrid,1. Winner,Spain
1998,Juventus,2. Runner Up,Italy
1998,Real Madrid,3. Semifinalist,Spain
1998,Juventus,3. Semifinalist,Italy
1998,Monaco,3. Semifinalist,France
1998,Borussia Dortmund,3. Semifinalist,Germany
1998,Real Madrid,4. Quarterfinalist,Spain
1998,Juventus,4. Quarterfinalist,Italy
1998,Monaco,4. Quarterfinalist,France
1998,Borussia Dortmund,4. Quarterfinalist,Germany
1998,Dynamo Kyiv,4. Quarterfinalist,Ukraine
1998,Manchester United,4. Quarterfinalist,England
1998,Bayer Leverkusen,4. Quarterfinalist,Germany
1998,Bayern Munich,4. Quarterfinalist,Germany
1998,Real Madrid,8. Group Stage,Spain
1998,Juventus,8. Group Stage,Italy
1998,Monaco,8. Group Stage,France
1998,Borussia Dortmund,8. Group Stage,Germany
1998,Dynamo Kyiv,8. Group Stage,Ukraine
1998,Manchester United,8. Group Stage,England
1998,Bayer Leverkusen,8. Group Stage,Germany
1998,Bayern Munich,8. Group Stage,Germany
1998,Parma,8. Group Stage,Italy
1998,Sparta Prague,8. Group Stage,Czech Republic
1998,Galatasaray,8. Group Stage,Turkey
1998,Feyenoord,8. Group Stage,Netherlands
1998,Kosice,8. Group Stage,Slovakia
1998,PSV Eindhoven,8. Group Stage,Netherlands
1998,Newcastle United,8. Group Stage,England
1998,Barcelona,8. Group Stage,Spain
1998,Rosenborg BK,8. Group Stage,Norway
1998,Olympiacos,8. Group Stage,Greece
1998,Porto,8. Group Stage,Portugal
1998,Paris Saint-Germain,8. Group Stage,France
1998,Besiktas,8. Group Stage,Turkey
1998,IFK Goteborg,8. Group Stage,Sweden
1998,Sporting CP,8. Group Stage,Portugal
1998,Lierse,8. Group Stage,Belgium
1999,Manchester United,1. Winner,England
1999,Bayern Munich,2. Runner Up,Germany
1999,Manchester United,3. Semifinalist,England
1999,Bayern Munich,3. Semifinalist,Germany
1999,Dynamo Kyiv,3. Semifinalist,Ukraine
1999,Juventus,3. Semifinalist,Italy
1999,Manchester United,4. Quarterfinalist,England
1999,Bayern Munich,4. Quarterfinalist,Germany
1999,Dynamo Kyiv,4. Quarterfinalist,Ukraine
1999,Juventus,4. Quarterfinalist,Italy
1999,Internazionale,4. Quarterfinalist,Italy
1999,Olympiacos,4. Quarterfinalist,Greece
1999,Real Madrid,4. Quarterfinalist,Spain
1999,Kaiserslautern,4. Quarterfinalist,Germany
1999,Manchester United,8. Group Stage,England
1999,Bayern Munich,8. Group Stage,Germany
1999,Dynamo Kyiv,8. Group Stage,Ukraine
1999,Juventus,8. Group Stage,Italy
1999,Internazionale,8. Group Stage,Italy
1999,Olympiacos,8. Group Stage,Greece
1999,Real Madrid,8. Group Stage,Spain
1999,Kaiserslautern,8. Group Stage,Germany
1999,HJK Helsinki,8. Group Stage,Finland
1999,PSV Eindhoven,8. Group Stage,Netherlands
1999,Benfica,8. Group Stage,Portugal
1999,Panathinaikos,8. Group Stage,Greece
1999,Arsenal,8. Group Stage,England
1999,R.C. Lens,8. Group Stage,France
1999,Brondby,8. Group Stage,Denmark
1999,Barcelona,8. Group Stage,Spain
1999,Sturm Graz,8. Group Stage,Austria
1999,Spartak Moscow,8. Group Stage,Russia
1999,Athletic Bilbao,8. Group Stage,Spain
1999,Rosenborg BK,8. Group Stage,Norway
1999,Galatasaray,8. Group Stage,Turkey
1999,Ajax,8. Group Stage,Netherlands
1999,Porto,8. Group Stage,Portugal
1999,Croatia Zagreb,8. Group Stage,Croatia
2000,Real Madrid,1. Winner,Spain
2000,Valencia,2. Runner Up,Spain
2000,Real Madrid,3. Semifinalist,Spain
2000,Valencia,3. Semifinalist,Spain
2000,Bayern Munich,3. Semifinalist,Germany
2000,Barcelona,3. Semifinalist,Spain
2000,Real Madrid,4. Quarterfinalist,Spain
2000,Valencia,4. Quarterfinalist,Spain
2000,Bayern Munich,4. Quarterfinalist,Germany
2000,Barcelona,4. Quarterfinalist,Spain
2000,Manchester United,4. Quarterfinalist,England
2000,Porto,4. Quarterfinalist,Portugal
2000,Lazio,4. Quarterfinalist,Italy
2000,Chelsea,4. Quarterfinalist,England
2000,Real Madrid,6. Second Group Stage,Spain
2000,Valencia,6. Second Group Stage,Spain
2000,Bayern Munich,6. Second Group Stage,Germany
2000,Barcelona,6. Second Group Stage,Spain
2000,Manchester United,6. Second Group Stage,England
2000,Porto,6. Second Group Stage,Portugal
2000,Lazio,6. Second Group Stage,Italy
2000,Chelsea,6. Second Group Stage,England
2000,Sparta Prague,6. Second Group Stage,Czech Republic
2000,Hertha BSC,6. Second Group Stage,Germany
2000,Fiorentina,6. Second Group Stage,Italy
2000,Bordeaux,6. Second Group Stage,France
2000,Dynamo Kyiv,6. Second Group Stage,Ukraine
2000,Rosenborg BK,6. Second Group Stage,Norway
2000,Feyenoord,6. Second Group Stage,Netherlands
2000,Marseille,6. Second Group Stage,France
2000,Real Madrid,7. First Group Stage,Spain
2000,Valencia,7. First Group Stage,Spain
2000,Bayern Munich,7. First Group Stage,Germany
2000,Barcelona,7. First Group Stage,Spain
2000,Manchester United,7. First Group Stage,England
2000,Porto,7. First Group Stage,Portugal
2000,Lazio,7. First Group Stage,Italy
2000,Chelsea,7. First Group Stage,England
2000,Sparta Prague,7. First Group Stage,Czech Republic
2000,Hertha BSC,7. First Group Stage,Germany
2000,Fiorentina,7. First Group Stage,Italy
2000,Bordeaux,7. First Group Stage,France
2000,Dynamo Kyiv,7. First Group Stage,Ukraine
2000,Rosenborg BK,7. First Group Stage,Norway
2000,Feyenoord,7. First Group Stage,Netherlands
2000,Marseille,7. First Group Stage,France
2000,Bayer Leverkusen,7. First Group Stage,Germany
2000,Maribor,7. First Group Stage,Slovenia
2000,Arsenal,7. First Group Stage,England
2000,AIK,7. First Group Stage,Sweden
2000,Borussia Dortmund,7. First Group Stage,Germany
2000,Boavista,7. First Group Stage,Portugal
2000,Sturm Graz,7. First Group Stage,Austria
2000,Croatia Zagreb,7. First Group Stage,Croatia
2000,Olympiacos,7. First Group Stage,Greece
2000,Molde FK,7. First Group Stage,Norway
2000,Rangers (IL),7. First Group Stage,Scotland
2000,PSV Eindhoven,7. First Group Stage,Netherlands
2000,Spartak Moscow,7. First Group Stage,Russia
2000,Willem II,7. First Group Stage,Netherlands
2000,Galatasaray,7. First Group Stage,Turkey
2000,A.C. Milan,7. First Group Stage,Italy
2001,Bayern Munich,1. Winner,Germany
2001,Valencia,2. Runner Up,Spain
2001,Bayern Munich,3. Semifinalist,Germany
2001,Valencia,3. Semifinalist,Spain
2001,Real Madrid,3. Semifinalist,Spain
2001,Leeds United,3. Semifinalist,England
2001,Bayern Munich,4. Quarterfinalist,Germany
2001,Valencia,4. Quarterfinalist,Spain
2001,Real Madrid,4. Quarterfinalist,Spain
2001,Leeds United,4. Quarterfinalist,England
2001,Galatasaray,4. Quarterfinalist,Turkey
2001,Manchester United,4. Quarterfinalist,England
2001,Deportivo La Coruna,4. Quarterfinalist,Spain
2001,Arsenal,4. Quarterfinalist,England
2001,Bayern Munich,6. Second Group Stage,Germany
2001,Valencia,6. Second Group Stage,Spain
2001,Real Madrid,6. Second Group Stage,Spain
2001,Leeds United,6. Second Group Stage,England
2001,Galatasaray,6. Second Group Stage,Turkey
2001,Manchester United,6. Second Group Stage,England
2001,Deportivo La Coruna,6. Second Group Stage,Spain
2001,Arsenal,6. Second Group Stage,England
2001,Sturm Graz,6. Second Group Stage,Austria
2001,Panathinaikos,6. Second Group Stage,Greece
2001,A.C. Milan,6. Second Group Stage,Italy
2001,Paris Saint-Germain,6. Second Group Stage,France
2001,Olympique Lyonnais,6. Second Group Stage,France
2001,Spartak Moscow,6. Second Group Stage,Russia
2001,Anderlecht,6. Second Group Stage,Netherlands
2001,Lazio,6. Second Group Stage,Italy
2001,Bayern Munich,7. First Group Stage,Germany
2001,Valencia,7. First Group Stage,Spain
2001,Real Madrid,7. First Group Stage,Spain
2001,Leeds United,7. First Group Stage,England
2001,Galatasaray,7. First Group Stage,Turkey
2001,Manchester United,7. First Group Stage,England
2001,Deportivo La Coruna,7. First Group Stage,Spain
2001,Arsenal,7. First Group Stage,England
2001,Sturm Graz,7. First Group Stage,Austria
2001,Panathinaikos,7. First Group Stage,Greece
2001,A.C. Milan,7. First Group Stage,Italy
2001,Paris Saint-Germain,7. First Group Stage,France
2001,Olympique Lyonnais,7. First Group Stage,France
2001,Spartak Moscow,7. First Group Stage,Russia
2001,Anderlecht,7. First Group Stage,Netherlands
2001,Lazio,7. First Group Stage,Italy
2001,Bayer Leverkusen,7. First Group Stage,Germany
2001,Sporting CP,7. First Group Stage,Portugal
2001,Shakhtar Donetsk,7. First Group Stage,Ukraine
2001,Sparta Prague,7. First Group Stage,Czech Republic
2001,Olympiacos,7. First Group Stage,Greece
2001,Heerenveen,7. First Group Stage,Netherlands
2001,Rangers (IL),7. First Group Stage,Scotland
2001,Monaco,7. First Group Stage,France
2001,Hamburg,7. First Group Stage,Germany
2001,Juventus,7. First Group Stage,Italy
2001,Rosenborg BK,7. First Group Stage,Norway
2001,Helsingborg,7. First Group Stage,Sweden
2001,PSV Eindhoven,7. First Group Stage,Netherlands
2001,Dynamo Kyiv,7. First Group Stage,Russia
2001,Barcelona,7. First Group Stage,Spain
2001,Besiktas,7. First Group Stage,Turkey
2002,Real Madrid,1. Winner,Spain
2002,Bayer Leverkusen,2. Runner Up,Germany
2002,Real Madrid,3. Semifinalist,Spain
2002,Bayer Leverkusen,3. Semifinalist,Germany
2002,Manchester United,3. Semifinalist,England
2002,Barcelona,3. Semifinalist,Spain
2002,Real Madrid,4. Quarterfinalist,Spain
2002,Bayer Leverkusen,4. Quarterfinalist,Germany
2002,Manchester United,4. Quarterfinalist,England
2002,Barcelona,4. Quarterfinalist,Spain
2002,Deportivo La Coruna,4. Quarterfinalist,Spain
2002,Liverpool,4. Quarterfinalist,England
2002,Panathinaikos,4. Quarterfinalist,Greece
2002,Bayern Munich,4. Quarterfinalist,Germany
2002,Real Madrid,6. Second Group Stage,Spain
2002,Bayer Leverkusen,6. Second Group Stage,Germany
2002,Manchester United,6. Second Group Stage,England
2002,Barcelona,6. Second Group Stage,Spain
2002,Deportivo La Coruna,6. Second Group Stage,Spain
2002,Liverpool,6. Second Group Stage,England
2002,Panathinaikos,6. Second Group Stage,Greece
2002,Bayern Munich,6. Second Group Stage,Germany
2002,Boavista,6. Second Group Stage,Portugal
2002,Nantes,6. Second Group Stage,France
2002,Roma,6. Second Group Stage,Italy
2002,Galatasaray,6. Second Group Stage,Turkey
2002,Sparta Prague,6. Second Group Stage,Czech Republic
2002,Porto,6. Second Group Stage,Portugal
2002,Arsenal,6. Second Group Stage,England
2002,Juventus,6. Second Group Stage,Italy
2002,Real Madrid,7. First Group Stage,Spain
2002,Bayer Leverkusen,7. First Group Stage,Germany
2002,Manchester United,7. First Group Stage,England
2002,Barcelona,7. First Group Stage,Spain
2002,Deportivo La Coruna,7. First Group Stage,Spain
2002,Liverpool,7. First Group Stage,England
2002,Panathinaikos,7. First Group Stage,Greece
2002,Bayern Munich,7. First Group Stage,Germany
2002,Boavista,7. First Group Stage,Portugal
2002,Nantes,7. First Group Stage,France
2002,Roma,7. First Group Stage,Italy
2002,Galatasaray,7. First Group Stage,Turkey
2002,Sparta Prague,7. First Group Stage,Czech Republic
2002,Porto,7. First Group Stage,Portugal
2002,Arsenal,7. First Group Stage,England
2002,Juventus,7. First Group Stage,Italy
2002,Lokomotiv Moscow,7. First Group Stage,Russia
2002,Anderlecht,7. First Group Stage,Netherlands
2002,Borussia Dortmund,7. First Group Stage,Germany
2002,Dynamo Kyiv,7. First Group Stage,Ukraine
2002,Mallorca,7. First Group Stage,Spain
2002,Schalke 04,7. First Group Stage,Germany
2002,PSV Eindhoven,7. First Group Stage,Netherlands
2002,Lazio,7. First Group Stage,Italy
2002,Celtic,7. First Group Stage,Scotland
2002,Rosenborg BK,7. First Group Stage,Norway
2002,Olympique Lyonnais,7. First Group Stage,France
2002,Fenerbahce,7. First Group Stage,Turkey
2002,Lille OSC,7. First Group Stage,France
2002,Olympiacos,7. First Group Stage,Greece
2002,Feyenoord,7. First Group Stage,Netherlands
2002,Spartak Moscow,7. First Group Stage,Russia
2003,A.C. Milan,1. Winner,Italy
2003,Juventus,2. Runner Up,Italy
2003,A.C. Milan,3. Semifinalist,Italy
2003,Juventus,3. Semifinalist,Italy
2003,Real Madrid,3. Semifinalist,Spain
2003,Internazionale,3. Semifinalist,Italy
2003,A.C. Milan,4. Quarterfinalist,Italy
2003,Juventus,4. Quarterfinalist,Italy
2003,Real Madrid,4. Quarterfinalist,Spain
2003,Internazionale,4. Quarterfinalist,Italy
2003,Manchester United,4. Quarterfinalist,England
2003,Barcelona,4. Quarterfinalist,Spain
2003,Ajax,4. Quarterfinalist,Netherlands
2003,Valencia,4. Quarterfinalist,Spain
2003,Barcelona,6. Second Group Stage,Spain
2003,Internazionale,6. Second Group Stage,Italy
2003,Newcastle United,6. Second Group Stage,England
2003,Bayer Leverkusen,6. Second Group Stage,Germany
2003,Valencia,6. Second Group Stage,Spain
2003,Ajax,6. Second Group Stage,Netherlands
2003,Arsenal,6. Second Group Stage,England
2003,Roma,6. Second Group Stage,Italy
2003,A.C. Milan,6. Second Group Stage,Italy
2003,Real Madrid,6. Second Group Stage,Spain
2003,Borussia Dortmund,6. Second Group Stage,Germany
2003,Lokomotiv Moscow,6. Second Group Stage,Russia
2003,Manchester United,6. Second Group Stage,England
2003,Juventus,6. Second Group Stage,Italy
2003,Basel,6. Second Group Stage,Switzerland
2003,Deportivo La Coruna,6. Second Group Stage,Spain
2003,Barcelona,7. First Group Stage,Spain
2003,Internazionale,7. First Group Stage,Italy
2003,Newcastle United,7. First Group Stage,England
2003,Bayer Leverkusen,7. First Group Stage,Germany
2003,Valencia,7. First Group Stage,Spain
2003,Ajax,7. First Group Stage,Netherlands
2003,Arsenal,7. First Group Stage,England
2003,Roma,7. First Group Stage,Italy
2003,A.C. Milan,7. First Group Stage,Italy
2003,Real Madrid,7. First Group Stage,Spain
2003,Borussia Dortmund,7. First Group Stage,Germany
2003,Lokomotiv Moscow,7. First Group Stage,Russia
2003,Manchester United,7. First Group Stage,England
2003,Juventus,7. First Group Stage,Italy
2003,Basel,7. First Group Stage,Switzerland
2003,Deportivo La Coruna,7. First Group Stage,Spain
2003,Auxerre,7. First Group Stage,France
2003,PSV Eindhoven,7. First Group Stage,Netherlands
2003,Liverpool,7. First Group Stage,England
2003,Spartak Moscow,7. First Group Stage,Russia
2003,AEK Athens,7. First Group Stage,Greece
2003,Genk,7. First Group Stage,Belgium
2003,Olympique Lyonnais,7. First Group Stage,France
2003,Rosenborg BK,7. First Group Stage,Norway
2003,Dynamo Kyiv,7. First Group Stage,Ukraine
2003,Feyenoord,7. First Group Stage,Netherlands
2003,Maccabi Haifa,7. First Group Stage,Israel
2003,Olympiacos,7. First Group Stage,Greece
2003,R.C. Lens,7. First Group Stage,France
2003,Bayern Munich,7. First Group Stage,Germany
2003,Club Brugge,7. First Group Stage,Belgium
2003,Galatasaray,7. First Group Stage,Turkey
2004,Porto,1. Winner,Portugal
2004,Monaco,2. Runner Up,France
2004,Porto,3. Semifinalist,Portugal
2004,Monaco,3. Semifinalist,France
2004,Chelsea,3. Semifinalist,England
2004,Deportivo La Coruna,3. Semifinalist,Spain
2004,Porto,4. Quarterfinalist,Portugal
2004,Monaco,4. Quarterfinalist,France
2004,Chelsea,4. Quarterfinalist,England
2004,Deportivo La Coruna,4. Quarterfinalist,Spain
2004,Real Madrid,4. Quarterfinalist,Spain
2004,Arsenal,4. Quarterfinalist,England
2004,Olympique Lyonnais,4. Quarterfinalist,France
2004,A.C. Milan,4. Quarterfinalist,Italy
2004,Porto,5. Last 16,Portugal
2004,Monaco,5. Last 16,France
2004,Chelsea,5. Last 16,England
2004,Deportivo La Coruna,5. Last 16,Spain
2004,Real Madrid,5. Last 16,Spain
2004,Arsenal,5. Last 16,England
2004,Olympique Lyonnais,5. Last 16,France
2004,A.C. Milan,5. Last 16,Italy
2004,Bayern Munich,5. Last 16,Germany
2004,Lokomotiv Moscow,5. Last 16,Russia
2004,Stuttgart,5. Last 16,Germany
2004,Celta de Vigo,5. Last 16,Spain
2004,Manchester United,5. Last 16,England
2004,Real Sociedad,5. Last 16,Spain
2004,Sparta Prague,5. Last 16,Czech Republic
2004,Juventus,5. Last 16,Italy
2004,Porto,7. Group Stage,Portugal
2004,Monaco,7. Group Stage,France
2004,Chelsea,7. Group Stage,England
2004,Deportivo La Coruna,7. Group Stage,Spain
2004,Real Madrid,7. Group Stage,Spain
2004,Arsenal,7. Group Stage,England
2004,Olympique Lyonnais,7. Group Stage,France
2004,A.C. Milan,7. Group Stage,Italy
2004,Bayern Munich,7. Group Stage,Germany
2004,Lokomotiv Moscow,7. Group Stage,Russia
2004,Stuttgart,7. Group Stage,Germany
2004,Celta de Vigo,7. Group Stage,Spain
2004,Manchester United,7. Group Stage,England
2004,Real Sociedad,7. Group Stage,Spain
2004,Sparta Prague,7. Group Stage,Czech Republic
2004,Juventus,7. Group Stage,Italy
2004,Celtic,7. Group Stage,Scotland
2004,Anderlecht,7. Group Stage,Netherlands
2004,Internazionale,7. Group Stage,Italy
2004,Dynamo Kyiv,7. Group Stage,Ukraine
2004,PSV Eindhoven,7. Group Stage,Netherlands
2004,AEK Athens,7. Group Stage,Greece
2004,Galatasaray,7. Group Stage,Turkey
2004,Olympiacos,7. Group Stage,Greece
2004,Panathinaikos,7. Group Stage,Greece
2004,Rangers (IL),7. Group Stage,Scotland
2004,Marseille,7. Group Stage,France
2004,FK Partizan,7. Group Stage,Serbia
2004,Besiktas,7. Group Stage,Turkey
2004,Lazio,7. Group Stage,Italy
2004,Club Brugge,7. Group Stage,Belgium
2004,Ajax,7. Group Stage,Netherlands
2005,Liverpool,1. Winner,England
2005,A.C. Milan,2. Runner Up,Italy
2005,Liverpool,3. Semifinalist,England
2005,A.C. Milan,3. Semifinalist,Italy
2005,PSV Eindhoven,3. Semifinalist,Netherlands
2005,Chelsea,3. Semifinalist,England
2005,Liverpool,4. Quarterfinalist,England
2005,A.C. Milan,4. Quarterfinalist,Italy
2005,PSV Eindhoven,4. Quarterfinalist,Netherlands
2005,Chelsea,4. Quarterfinalist,England
2005,Internazionale,4. Quarterfinalist,Italy
2005,Olympique Lyonnais,4. Quarterfinalist,France
2005,Bayern Munich,4. Quarterfinalist,Germany
2005,Juventus,4. Quarterfinalist,Italy
2005,Liverpool,5. Last 16,England
2005,A.C. Milan,5. Last 16,Italy
2005,PSV Eindhoven,5. Last 16,Netherlands
2005,Chelsea,5. Last 16,England
2005,Internazionale,5. Last 16,Italy
2005,Olympique Lyonnais,5. Last 16,France
2005,Bayern Munich,5. Last 16,Germany
2005,Juventus,5. Last 16,Italy
2005,Manchester United,5. Last 16,England
2005,Porto,5. Last 16,Portugal
2005,Werder Bremen,5. Last 16,Germany
2005,Monaco,5. Last 16,France
2005,Barcelona,5. Last 16,Spain
2005,Arsenal,5. Last 16,England
2005,Bayer Leverkusen,5. Last 16,Germany
2005,Real Madrid,5. Last 16,Spain
2005,Liverpool,7. Group Stage,England
2005,A.C. Milan,7. Group Stage,Italy
2005,PSV Eindhoven,7. Group Stage,Netherlands
2005,Chelsea,7. Group Stage,England
2005,Internazionale,7. Group Stage,Italy
2005,Olympique Lyonnais,7. Group Stage,France
2005,Bayern Munich,7. Group Stage,Germany
2005,Juventus,7. Group Stage,Italy
2005,Manchester United,7. Group Stage,England
2005,Porto,7. Group Stage,Portugal
2005,Werder Bremen,7. Group Stage,Germany
2005,Monaco,7. Group Stage,France
2005,Barcelona,7. Group Stage,Spain
2005,Arsenal,7. Group Stage,England
2005,Bayer Leverkusen,7. Group Stage,Germany
2005,Real Madrid,7. Group Stage,Spain
2005,Olympiacos,7. Group Stage,Greece
2005,Deportivo La Coruna,7. Group Stage,Spain
2005,Dynamo Kyiv,7. Group Stage,Ukraine
2005,Roma,7. Group Stage,Italy
2005,Ajax,7. Group Stage,Netherlands
2005,Maccabi Tel Aviv,7. Group Stage,Israel
2005,Fenerbahce,7. Group Stage,Turkey
2005,Sparta Prague,7. Group Stage,Czech Republic
2005,Panathinaikos,7. Group Stage,Greece
2005,Rosenborg BK,7. Group Stage,Norway
2005,Shakhtar Donetsk,7. Group Stage,Ukraine
2005,Celtic,7. Group Stage,Scotland
2005,Valencia,7. Group Stage,Spain
2005,Anderlecht,7. Group Stage,Netherlands
2005,CSKA Moscow,7. Group Stage,Russia
2005,Paris Saint-Germain,7. Group Stage,France
2006,Barcelona,1. Winner,Spain
2006,Arsenal,2. Runner Up,England
2006,Barcelona,3. Semifinalist,Spain
2006,Arsenal,3. Semifinalist,England
2006,Villarreal,3. Semifinalist,Spain
2006,A.C. Milan,3. Semifinalist,Italy
2006,Barcelona,4. Quarterfinalist,Spain
2006,Arsenal,4. Quarterfinalist,England
2006,Villarreal,4. Quarterfinalist,Spain
2006,A.C. Milan,4. Quarterfinalist,Italy
2006,Juventus,4. Quarterfinalist,Italy
2006,Internazionale,4. Quarterfinalist,Italy
2006,Olympique Lyonnais,4. Quarterfinalist,France
2006,Benfica,4. Quarterfinalist,Portugal
2006,Barcelona,5. Last 16,Spain
2006,Arsenal,5. Last 16,England
2006,Villarreal,5. Last 16,Spain
2006,A.C. Milan,5. Last 16,Italy
2006,Juventus,5. Last 16,Italy
2006,Internazionale,5. Last 16,Italy
2006,Olympique Lyonnais,5. Last 16,France
2006,Benfica,5. Last 16,Portugal
2006,Real Madrid,5. Last 16,Spain
2006,Werder Bremen,5. Last 16,Germany
2006,Ajax,5. Last 16,Netherlands
2006,Rangers (IL),5. Last 16,Scotland
2006,PSV Eindhoven,5. Last 16,Netherlands
2006,Bayern Munich,5. Last 16,Germany
2006,Liverpool,5. Last 16,England
2006,Chelsea,5. Last 16,England
2006,Barcelona,7. Group Stage,Spain
2006,Arsenal,7. Group Stage,England
2006,Villarreal,7. Group Stage,Spain
2006,A.C. Milan,7. Group Stage,Italy
2006,Juventus,7. Group Stage,Italy
2006,Internazionale,7. Group Stage,Italy
2006,Olympique Lyonnais,7. Group Stage,France
2006,Benfica,7. Group Stage,Portugal
2006,Real Madrid,7. Group Stage,Spain
2006,Werder Bremen,7. Group Stage,Germany
2006,Ajax,7. Group Stage,Netherlands
2006,Rangers (IL),7. Group Stage,Scotland
2006,PSV Eindhoven,7. Group Stage,Netherlands
2006,Bayern Munich,7. Group Stage,Germany
2006,Liverpool,7. Group Stage,England
2006,Chelsea,7. Group Stage,England
2006,Club Brugge,7. Group Stage,Belgium
2006,Rapid Wien,7. Group Stage,Austria
2006,Thun,7. Group Stage,Switzerland
2006,Sparta Prague,7. Group Stage,Czech Republic
2006,Udinese,7. Group Stage,Italy
2006,Panathinaikos,7. Group Stage,Greece
2006,Lille OSC,7. Group Stage,France
2006,Manchester United,7. Group Stage,England
2006,Schalke 04,7. Group Stage,Germany
2006,Fenerbahce,7. Group Stage,Turkey
2006,Rosenborg BK,7. Group Stage,Norway
2006,Olympiacos,7. Group Stage,Greece
2006,Real Betis,7. Group Stage,Spain
2006,Anderlecht,7. Group Stage,Netherlands
2006,Artmedia,7. Group Stage,Slovakia
2006,Porto,7. Group Stage,Portugal
2007,A.C. Milan,1. Winner,Italy
2007,Liverpool,2. Runner Up,England
2007,A.C. Milan,3. Semifinalist,Italy
2007,Liverpool,3. Semifinalist,England
2007,Manchester United,3. Semifinalist,England
2007,Chelsea,3. Semifinalist,England
2007,A.C. Milan,4. Quarterfinalist,Italy
2007,Liverpool,4. Quarterfinalist,England
2007,Manchester United,4. Quarterfinalist,England
2007,Chelsea,4. Quarterfinalist,England
2007,Roma,4. Quarterfinalist,Italy
2007,Bayern Munich,4. Quarterfinalist,Germany
2007,Valencia,4. Quarterfinalist,Spain
2007,PSV Eindhoven,4. Quarterfinalist,Netherlands
2007,A.C. Milan,5. Last 16,Italy
2007,Liverpool,5. Last 16,England
2007,Manchester United,5. Last 16,England
2007,Chelsea,5. Last 16,England
2007,Roma,5. Last 16,Italy
2007,Bayern Munich,5. Last 16,Germany
2007,Valencia,5. Last 16,Spain
2007,PSV Eindhoven,5. Last 16,Netherlands
2007,Olympique Lyonnais,5. Last 16,France
2007,Lille OSC,5. Last 16,France
2007,Celtic,5. Last 16,Scotland
2007,Real Madrid,5. Last 16,Spain
2007,Porto,5. Last 16,Portugal
2007,Internazionale,5. Last 16,Italy
2007,Arsenal,5. Last 16,England
2007,Barcelona,5. Last 16,Spain
2007,A.C. Milan,7. Group Stage,Italy
2007,Liverpool,7. Group Stage,England
2007,Manchester United,7. Group Stage,England
2007,Chelsea,7. Group Stage,England
2007,Roma,7. Group Stage,Italy
2007,Bayern Munich,7. Group Stage,Germany
2007,Valencia,7. Group Stage,Spain
2007,PSV Eindhoven,7. Group Stage,Netherlands
2007,Olympique Lyonnais,7. Group Stage,France
2007,Lille OSC,7. Group Stage,France
2007,Celtic,7. Group Stage,Scotland
2007,Real Madrid,7. Group Stage,Spain
2007,Porto,7. Group Stage,Portugal
2007,Internazionale,7. Group Stage,Italy
2007,Arsenal,7. Group Stage,England
2007,Barcelona,7. Group Stage,Spain
2007,Werder Bremen,7. Group Stage,Germany
2007,Levski Sofia,7. Group Stage,Bulgaria
2007,Spartak Moscow,7. Group Stage,Russia
2007,Sporting CP,7. Group Stage,Portugal
2007,Bordeaux,7. Group Stage,France
2007,Galatasaray,7. Group Stage,Turkey
2007,Shakhtar Donetsk,7. Group Stage,Ukraine
2007,Olympiacos,7. Group Stage,Greece
2007,Steaua Bucuresti,7. Group Stage,Romania
2007,Dynamo Kyiv,7. Group Stage,Ukraine
2007,Benfica,7. Group Stage,Portugal
2007,Copenhagen,7. Group Stage,Denmark
2007,CSKA Moscow,7. Group Stage,Russia
2007,Hamburg,7. Group Stage,Germany
2007,AEK Athens,7. Group Stage,Greece
2007,Anderlecht,7. Group Stage,Belgium
2008,Manchester United,1. Winner,England
2008,Chelsea,2. Runner Up,England
2008,Manchester United,3. Semifinalist,England
2008,Chelsea,3. Semifinalist,England
2008,Liverpool,3. Semifinalist,England
2008,Barcelona,3. Semifinalist,Spain
2008,Manchester United,4. Quarterfinalist,England
2008,Chelsea,4. Quarterfinalist,England
2008,Liverpool,4. Quarterfinalist,England
2008,Barcelona,4. Quarterfinalist,Spain
2008,Schalke 04,4. Quarterfinalist,Germany
2008,Roma,4. Quarterfinalist,Italy
2008,Arsenal,4. Quarterfinalist,England
2008,Fenerbahce,4. Quarterfinalist,Turkey
2008,Manchester United,5. Last 16,England
2008,Chelsea,5. Last 16,England
2008,Liverpool,5. Last 16,England
2008,Barcelona,5. Last 16,Spain
2008,Schalke 04,5. Last 16,Germany
2008,Roma,5. Last 16,Italy
2008,Arsenal,5. Last 16,England
2008,Fenerbahce,5. Last 16,Turkey
2008,Porto,5. Last 16,Portugal
2008,Celtic,5. Last 16,Scotland
2008,Real Madrid,5. Last 16,Spain
2008,Olympique Lyonnais,5. Last 16,France
2008,A.C. Milan,5. Last 16,Italy
2008,Internazionale,5. Last 16,Italy
2008,Sevilla,5. Last 16,Spain
2008,Olympiacos,5. Last 16,Greece
2008,Manchester United,7. Group Stage,England
2008,Chelsea,7. Group Stage,England
2008,Liverpool,7. Group Stage,England
2008,Barcelona,7. Group Stage,Spain
2008,Schalke 04,7. Group Stage,Germany
2008,Roma,7. Group Stage,Italy
2008,Arsenal,7. Group Stage,England
2008,Fenerbahce,7. Group Stage,Turkey
2008,Porto,7. Group Stage,Portugal
2008,Celtic,7. Group Stage,Scotland
2008,Real Madrid,7. Group Stage,Spain
2008,Olympique Lyonnais,7. Group Stage,France
2008,A.C. Milan,7. Group Stage,Italy
2008,Internazionale,7. Group Stage,Italy
2008,Sevilla,7. Group Stage,Spain
2008,Olympiacos,7. Group Stage,Greece
2008,Marseille,7. Group Stage,France
2008,Besiktas,7. Group Stage,Turkey
2008,Rosenborg BK,7. Group Stage,Norway
2008,Valencia,7. Group Stage,Spain
2008,Werder Bremen,7. Group Stage,Germany
2008,Lazio,7. Group Stage,Italy
2008,Benfica,7. Group Stage,Portugal
2008,Shakhtar Donetsk,7. Group Stage,Ukraine
2008,Rangers (IL),7. Group Stage,Scotland
2008,Stuttgart,7. Group Stage,Germany
2008,Sporting CP,7. Group Stage,Portugal
2008,Dynamo Kyiv,7. Group Stage,Ukraine
2008,PSV Eindhoven,7. Group Stage,Netherlands
2008,CSKA Moscow,7. Group Stage,Russia
2008,Slavia Prague,7. Group Stage,Czech Republic
2008,Steaua Bucuresti,7. Group Stage,Romania
2009,Barcelona,1. Winner,Spain
2009,Manchester United,2. Runner Up,England
2009,Barcelona,3. Semifinalist,Spain
2009,Manchester United,3. Semifinalist,England
2009,Arsenal,3. Semifinalist,England
2009,Chelsea,3. Semifinalist,England
2009,Barcelona,4. Quarterfinalist,Spain
2009,Manchester United,4. Quarterfinalist,England
2009,Arsenal,4. Quarterfinalist,England
2009,Chelsea,4. Quarterfinalist,England
2009,Bayern Munich,4. Quarterfinalist,Germany
2009,Liverpool,4. Quarterfinalist,England
2009,Porto,4. Quarterfinalist,Portugal
2009,Villarreal,4. Quarterfinalist,Spain
2009,Barcelona,5. Last 16,Spain
2009,Manchester United,5. Last 16,England
2009,Arsenal,5. Last 16,England
2009,Chelsea,5. Last 16,England
2009,Bayern Munich,5. Last 16,Germany
2009,Liverpool,5. Last 16,England
2009,Porto,5. Last 16,Portugal
2009,Villarreal,5. Last 16,Spain
2009,Olympique Lyonnais,5. Last 16,France
2009,Sporting CP,5. Last 16,Portugal
2009,Real Madrid,5. Last 16,Spain
2009,Juventus,5. Last 16,Italy
2009,Internazionale,5. Last 16,Italy
2009,Athletico Madrid,5. Last 16,Spain
2009,Panathinaikos,5. Last 16,Greece
2009,Roma,5. Last 16,Italy
2009,Barcelona,7. Group Stage,Spain
2009,Manchester United,7. Group Stage,England
2009,Arsenal,7. Group Stage,England
2009,Chelsea,7. Group Stage,England
2009,Bayern Munich,7. Group Stage,Germany
2009,Liverpool,7. Group Stage,England
2009,Porto,7. Group Stage,Portugal
2009,Villarreal,7. Group Stage,Spain
2009,Olympique Lyonnais,7. Group Stage,France
2009,Sporting CP,7. Group Stage,Portugal
2009,Real Madrid,7. Group Stage,Spain
2009,Juventus,7. Group Stage,Italy
2009,Internazionale,7. Group Stage,Italy
2009,Athletico Madrid,7. Group Stage,Spain
2009,Panathinaikos,7. Group Stage,Greece
2009,Roma,7. Group Stage,Italy
2009,Bordeaux,7. Group Stage,France
2009,CFR Cluj,7. Group Stage,Romania
2009,Werder Bremen,7. Group Stage,Germany
2009,Anorthosis,7. Group Stage,Cyprus
2009,Shakhtar Donetsk,7. Group Stage,Ukraine
2009,Basel,7. Group Stage,Switzerland
2009,Marseille,7. Group Stage,France
2009,PSV Eindhoven,7. Group Stage,Netherlands
2009,Aalborg BK,7. Group Stage,Denmark
2009,Celtic,7. Group Stage,Scotland
2009,Fiorentina,7. Group Stage,Italy
2009,Steaua Bucuresti,7. Group Stage,Romania
2009,Dynamo Kyiv,7. Group Stage,Ukraine
2009,Fenerbahce,7. Group Stage,Turkey
2009,Zenit Saint Petersburg,7. Group Stage,Russia
2009,BATE Borisov,7. Group Stage,Belarus
2010,Internazionale,1. Winner,Italy
2010,Bayern Munich,2. Runner Up,Germany
2010,Barcelona,3. Semifinalist,Spain
2010,Bayern Munich,3. Semifinalist,Germany
2010,Internazionale,3. Semifinalist,Italy
2010,Olympique Lyonnais,3. Semifinalist,France
2010,Arsenal,4. Quarterfinalist,England
2010,Barcelona,4. Quarterfinalist,Spain
2010,Bayern Munich,4. Quarterfinalist,Germany
2010,Bordeaux,4. Quarterfinalist,France
2010,CSKA Moscow,4. Quarterfinalist,Russia
2010,Internazionale,4. Quarterfinalist,Italy
2010,Olympique Lyonnais,4. Quarterfinalist,France
2010,Manchester United,4. Quarterfinalist,England
2010,Arsenal,5. Last 16,England
2010,Barcelona,5. Last 16,Spain
2010,Bayern Munich,5. Last 16,Germany
2010,Bordeaux,5. Last 16,France
2010,Chelsea,5. Last 16,England
2010,CSKA Moscow,5. Last 16,Russia
2010,Fiorentina,5. Last 16,Italy
2010,Internazionale,5. Last 16,Italy
2010,Olympique Lyonnais,5. Last 16,France
2010,Manchester United,5. Last 16,England
2010,A.C. Milan,5. Last 16,Italy
2010,Olympiacos,5. Last 16,Greece
2010,Porto,5. Last 16,Portugal
2010,Real Madrid,5. Last 16,Spain
2010,Sevilla,5. Last 16,Spain
2010,Stuttgart,5. Last 16,Germany
2010,Arsenal,7. Group Stage,England
2010,Barcelona,7. Group Stage,Spain
2010,Bayern Munich,7. Group Stage,Germany
2010,Bordeaux,7. Group Stage,France
2010,Chelsea,7. Group Stage,England
2010,CSKA Moscow,7. Group Stage,Russia
2010,Fiorentina,7. Group Stage,Italy
2010,Internazionale,7. Group Stage,Italy
2010,Olympique Lyonnais,7. Group Stage,France
2010,Manchester United,7. Group Stage,England
2010,A.C. Milan,7. Group Stage,Italy
2010,Olympiacos,7. Group Stage,Greece
2010,Porto,7. Group Stage,Portugal
2010,Real Madrid,7. Group Stage,Spain
2010,Sevilla,7. Group Stage,Spain
2010,Stuttgart,7. Group Stage,Germany
2010,Juventus,7. Group Stage,Italy
2010,Maccabi Haifa,7. Group Stage,Israel
2010,Wolfsburg,7. Group Stage,Germany
2010,Besiktas,7. Group Stage,Portugal
2010,Marseille,7. Group Stage,France
2010,Zurich,7. Group Stage,Switzerland
2010,Athletico Madrid,7. Group Stage,Spain
2010,APOEL,7. Group Stage,Cyprus
2010,Liverpool,7. Group Stage,England
2010,Debrecen,7. Group Stage,Hungary
2010,Rubin Kazan,7. Group Stage,Russia
2010,Dynamo Kyiv,7. Group Stage,Ukraine
2010,Unirea Urziceni,7. Group Stage,Romania
2010,Rangers (IL),7. Group Stage,Scotland
2010,Standard Liege,7. Group Stage,Belgium
2010,AZ Alkmaar,7. Group Stage,Netherlands
2011,Barcelona,1. Winner,Spain
2011,Manchester United,2. Runner Up,England
2011,Barcelona,3. Semifinalist,Spain
2011,Manchester United,3. Semifinalist,England
2011,Real Madrid,3. Semifinalist,Spain
2011,Schalke 04,3. Semifinalist,Germany
2011,Barcelona,4. Quarterfinalist,Spain
2011,Chelsea,4. Quarterfinalist,England
2011,Internazionale,4. Quarterfinalist,Italy
2011,Manchester United,4. Quarterfinalist,England
2011,Real Madrid,4. Quarterfinalist,Spain
2011,Schalke 04,4. Quarterfinalist,Germany
2011,Shakhtar Donetsk,4. Quarterfinalist,Ukraine
2011,Tottenham Hotspur,4. Quarterfinalist,England
2011,Arsenal,5. Last 16,England
2011,Barcelona,5. Last 16,Spain
2011,Bayern Munich,5. Last 16,Germany
2011,Chelsea,5. Last 16,England
2011,Copenhagen,5. Last 16,Denmark
2011,Internazionale,5. Last 16,Italy
2011,Olympique Lyonnais,5. Last 16,France
2011,Manchester United,5. Last 16,England
2011,Marseille,5. Last 16,France
2011,A.C. Milan,5. Last 16,Italy
2011,Real Madrid,5. Last 16,Spain
2011,Roma,5. Last 16,Italy
2011,Schalke 04,5. Last 16,Germany
2011,Shakhtar Donetsk,5. Last 16,Ukraine
2011,Tottenham Hotspur,5. Last 16,England
2011,Valencia,5. Last 16,Spain
2011,Arsenal,7. Group Stage,England
2011,Barcelona,7. Group Stage,Spain
2011,Bayern Munich,7. Group Stage,Germany
2011,Chelsea,7. Group Stage,England
2011,Copenhagen,7. Group Stage,Denmark
2011,Internazionale,7. Group Stage,Italy
2011,Olympique Lyonnais,7. Group Stage,France
2011,Manchester United,7. Group Stage,England
2011,Marseille,7. Group Stage,France
2011,A.C. Milan,7. Group Stage,Italy
2011,Real Madrid,7. Group Stage,Spain
2011,Roma,7. Group Stage,Italy
2011,Schalke 04,7. Group Stage,Germany
2011,Shakhtar Donetsk,7. Group Stage,Ukraine
2011,Tottenham Hotspur,7. Group Stage,England
2011,Valencia,7. Group Stage,Spain
2011,Twente,7. Group Stage,Netherlands
2011,Werder Bremen,7. Group Stage,Germany
2011,Benfica,7. Group Stage,Portugal
2011,Hapoel Tel Aviv,7. Group Stage,Israel
2011,Rangers (IL),7. Group Stage,Scotland
2011,Bursaspor,7. Group Stage,Turkey
2011,Rubin Kazan,7. Group Stage,Russia
2011,Panathinaikos,7. Group Stage,Greece
2011,Basel,7. Group Stage,Switzerland
2011,CFR Cluj,7. Group Stage,Romania
2011,Spartak Moscow,7. Group Stage,Russia
2011,Zilina,7. Group Stage,Slovakia
2011,Ajax,7. Group Stage,Netherlands
2011,Auxerre,7. Group Stage,France
2011,Braga,7. Group Stage,Portugal
2011,FK Partizan,7. Group Stage,Serbia
2012,Chelsea,1. Winner,England
2012,Bayern Munich,2. Runner Up,Germany
2012,Barcelona,3. Semifinalist,Spain
2012,Bayern Munich,3. Semifinalist,Germany
2012,Chelsea,3. Semifinalist,England
2012,Real Madrid,3. Semifinalist,Spain
2012,APOEL,4. Quarterfinalist,Cyprus
2012,Barcelona,4. Quarterfinalist,Spain
2012,Bayern Munich,4. Quarterfinalist,Germany
2012,Benfica,4. Quarterfinalist,Portugal
2012,Chelsea,4. Quarterfinalist,England
2012,Marseille,4. Quarterfinalist,France
2012,A.C. Milan,4. Quarterfinalist,Italy
2012,Real Madrid,4. Quarterfinalist,Spain
2012,APOEL,5. Last 16,Cyprus
2012,Arsenal,5. Last 16,England
2012,Barcelona,5. Last 16,Spain
2012,Basel,5. Last 16,Switzerland
2012,Bayer Leverkusen,5. Last 16,Germany
2012,Bayern Munich,5. Last 16,Germany
2012,Benfica,5. Last 16,Portugal
2012,Chelsea,5. Last 16,England
2012,CSKA Moscow,5. Last 16,Russia
2012,Internazionale,5. Last 16,Italy
2012,Olympique Lyonnais,5. Last 16,France
2012,Marseille,5. Last 16,France
2012,A.C. Milan,5. Last 16,Italy
2012,Napoli,5. Last 16,Italy
2012,Real Madrid,5. Last 16,Spain
2012,Zenit Saint Petersburg,5. Last 16,Russia
2012,APOEL,7. Group Stage,Cyprus
2012,Arsenal,7. Group Stage,England
2012,Barcelona,7. Group Stage,Spain
2012,Basel,7. Group Stage,Switzerland
2012,Bayer Leverkusen,7. Group Stage,Germany
2012,Bayern Munich,7. Group Stage,Germany
2012,Benfica,7. Group Stage,Portugal
2012,Chelsea,7. Group Stage,England
2012,CSKA Moscow,7. Group Stage,Russia
2012,Internazionale,7. Group Stage,Italy
2012,Olympique Lyonnais,7. Group Stage,France
2012,Marseille,7. Group Stage,France
2012,A.C. Milan,7. Group Stage,Italy
2012,Napoli,7. Group Stage,Italy
2012,Real Madrid,7. Group Stage,Spain
2012,Zenit Saint Petersburg,7. Group Stage,Russia
2012,Manchester City,7. Group Stage,England
2012,Villarreal,7. Group Stage,Spain
2012,Trabzonspor,7. Group Stage,Turkey
2012,Lille OSC,7. Group Stage,France
2012,Manchester United,7. Group Stage,England
2012,Otelul Galati,7. Group Stage,Romania
2012,Ajax,7. Group Stage,Netherlands
2012,Dinamo Zagreb,7. Group Stage,Croatia
2012,Valencia,7. Group Stage,Spain
2012,Genk,7. Group Stage,Belgium
2012,Olympiacos,7. Group Stage,Greece
2012,Borussia Dortmund,7. Group Stage,Germany
2012,Porto,7. Group Stage,Portugal
2012,Shakhtar Donetsk,7. Group Stage,Ukraine
2012,Viktoria Plzen,7. Group Stage,Czech Republic
2012,BATE Borisov,7. Group Stage,Belarus
2013,Bayern Munich,1. Winner,Germany
2013,Borussia Dortmund,2. Runner Up,Germany
2013,Barcelona,3. Semifinalist,Spain
2013,Bayern Munich,3. Semifinalist,Germany
2013,Borussia Dortmund,3. Semifinalist,Germany
2013,Real Madrid,3. Semifinalist,Spain
2013,Barcelona,4. Quarterfinalist,Spain
2013,Bayern Munich,4. Quarterfinalist,Germany
2013,Borussia Dortmund,4. Quarterfinalist,Germany
2013,Galatasaray,4. Quarterfinalist,Turkey
2013,Juventus,4. Quarterfinalist,Italy
2013,Malaga,4. Quarterfinalist,Spain
2013,Paris Saint-Germain,4. Quarterfinalist,France
2013,Real Madrid,4. Quarterfinalist,Spain
2013,Arsenal,5. Last 16,England
2013,Barcelona,5. Last 16,Spain
2013,Bayern Munich,5. Last 16,Germany
2013,Borussia Dortmund,5. Last 16,Germany
2013,Celtic,5. Last 16,Scotland
2013,Galatasaray,5. Last 16,Turkey
2013,Juventus,5. Last 16,Italy
2013,Malaga,5. Last 16,Spain
2013,Manchester United,5. Last 16,England
2013,A.C. Milan,5. Last 16,Italy
2013,Paris Saint-Germain,5. Last 16,France
2013,Porto,5. Last 16,Portugal
2013,Real Madrid,5. Last 16,Spain
2013,Schalke 04,5. Last 16,Germany
2013,Shakhtar Donetsk,5. Last 16,Ukraine
2013,Valencia,5. Last 16,Spain
2013,Arsenal,7. Group Stage,England
2013,Barcelona,7. Group Stage,Spain
2013,Bayern Munich,7. Group Stage,Germany
2013,Borussia Dortmund,7. Group Stage,Germany
2013,Celtic,7. Group Stage,Scotland
2013,Galatasaray,7. Group Stage,Turkey
2013,Juventus,7. Group Stage,Italy
2013,Malaga,7. Group Stage,Spain
2013,Manchester United,7. Group Stage,England
2013,A.C. Milan,7. Group Stage,Italy
2013,Paris Saint-Germain,7. Group Stage,France
2013,Porto,7. Group Stage,Portugal
2013,Real Madrid,7. Group Stage,Spain
2013,Schalke 04,7. Group Stage,Germany
2013,Shakhtar Donetsk,7. Group Stage,Ukraine
2013,Valencia,7. Group Stage,Spain
2013,Dynamo Kyiv,7. Group Stage,Ukraine
2013,Dinamo Zagreb,7. Group Stage,Croatia
2013,Olympiacos,7. Group Stage,Greece
2013,Montpellier,7. Group Stage,France
2013,Zenit Saint Petersburg,7. Group Stage,Russia
2013,Anderlecht,7. Group Stage,Netherlands
2013,Ajax,7. Group Stage,Netherlands
2013,Manchester City,7. Group Stage,England
2013,Chelsea,7. Group Stage,England
2013,Nordsjaelland,7. Group Stage,Denmark
2013,BATE Borisov,7. Group Stage,Belarus
2013,Lille OSC,7. Group Stage,France
2013,Benfica,7. Group Stage,Portugal
2013,Spartak Moscow,7. Group Stage,Russia
2013,CFR Cluj,7. Group Stage,Romania
2013,Braga,7. Group Stage,Portugal
2014,Real Madrid,1. Winner,Spain
2014,Athletico Madrid,2. Runner Up,Spain
2014,Athletico Madrid,3. Semifinalist,Spain
2014,Bayern Munich,3. Semifinalist,Germany
2014,Chelsea,3. Semifinalist,England
2014,Real Madrid,3. Semifinalist,Spain
2014,Athletico Madrid,4. Quarterfinalist,Spain
2014,Barcelona,4. Quarterfinalist,Spain
2014,Bayern Munich,4. Quarterfinalist,Germany
2014,Borussia Dortmund,4. Quarterfinalist,Germany
2014,Chelsea,4. Quarterfinalist,England
2014,Manchester United,4. Quarterfinalist,England
2014,Paris Saint-Germain,4. Quarterfinalist,France
2014,Real Madrid,4. Quarterfinalist,Spain
2014,Arsenal,5. Last 16,England
2014,Athletico Madrid,5. Last 16,Spain
2014,Barcelona,5. Last 16,Spain
2014,Bayer Leverkusen,5. Last 16,Germany
2014,Bayern Munich,5. Last 16,Germany
2014,Borussia Dortmund,5. Last 16,Germany
2014,Chelsea,5. Last 16,England
2014,Galatasaray,5. Last 16,Turkey
2014,Manchester City,5. Last 16,England
2014,Manchester United,5. Last 16,England
2014,A.C. Milan,5. Last 16,Italy
2014,Olympiacos,5. Last 16,Greece
2014,Paris Saint-Germain,5. Last 16,France
2014,Real Madrid,5. Last 16,Spain
2014,Schalke 04,5. Last 16,Germany
2014,Zenit Saint Petersburg,5. Last 16,Russia
2014,Arsenal,7. Group Stage,England
2014,Athletico Madrid,7. Group Stage,Spain
2014,Barcelona,7. Group Stage,Spain
2014,Bayer Leverkusen,7. Group Stage,Germany
2014,Bayern Munich,7. Group Stage,Germany
2014,Borussia Dortmund,7. Group Stage,Germany
2014,Chelsea,7. Group Stage,England
2014,Galatasaray,7. Group Stage,Turkey
2014,Manchester City,7. Group Stage,England
2014,Manchester United,7. Group Stage,England
2014,A.C. Milan,7. Group Stage,Italy
2014,Olympiacos,7. Group Stage,Greece
2014,Paris Saint-Germain,7. Group Stage,France
2014,Real Madrid,7. Group Stage,Spain
2014,Schalke 04,7. Group Stage,Germany
2014,Zenit Saint Petersburg,7. Group Stage,Russia
2014,Shakhtar Donetsk,7. Group Stage,Ukraine
2014,Real Sociedad,7. Group Stage,Spain
2014,Juventus,7. Group Stage,Italy
2014,Copenhagen,7. Group Stage,Denmark
2014,Benfica,7. Group Stage,Portugal
2014,Anderlecht,7. Group Stage,Netherlands
2014,Viktoria Plzen,7. Group Stage,Czech Republic
2014,CSKA Moscow,7. Group Stage,Czech Republic
2014,Basel,7. Group Stage,Switzerland
2014,Steaua Bucuresti,7. Group Stage,Romania
2014,Napoli,7. Group Stage,Italy
2014,Marseille,7. Group Stage,France
2014,Porto,7. Group Stage,Portugal
2014,Austria Wien,7. Group Stage,Austria
2014,Ajax,7. Group Stage,Netherlands
2014,Celtic,7. Group Stage,Scotland
2015,Barcelona,1. Winner,Spain
2015,Juventus,2. Runner Up,Italy
2015,Barcelona,3. Semifinalist,Spain
2015,Bayern Munich,3. Semifinalist,Germany
2015,Juventus,3. Semifinalist,Italy
2015,Real Madrid,3. Semifinalist,Spain
2015,Athletico Madrid,4. Quarterfinalist,Spain
2015,Barcelona,4. Quarterfinalist,Spain
2015,Bayern Munich,4. Quarterfinalist,Germany
2015,Juventus,4. Quarterfinalist,Italy
2015,Monaco,4. Quarterfinalist,France
2015,Paris Saint-Germain,4. Quarterfinalist,France
2015,Porto,4. Quarterfinalist,Portugal
2015,Real Madrid,4. Quarterfinalist,Spain
2015,Arsenal,5. Last 16,England
2015,Athletico Madrid,5. Last 16,Spain
2015,Barcelona,5. Last 16,Spain
2015,Basel,5. Last 16,Switzerland
2015,Bayer Leverkusen,5. Last 16,Germany
2015,Bayern Munich,5. Last 16,Germany
2015,Borussia Dortmund,5. Last 16,Germany
2015,Chelsea,5. Last 16,England
2015,Juventus,5. Last 16,Italy
2015,Manchester City,5. Last 16,England
2015,Monaco,5. Last 16,France
2015,Paris Saint-Germain,5. Last 16,France
2015,Porto,5. Last 16,Portugal
2015,Real Madrid,5. Last 16,Spain
2015,Schalke 04,5. Last 16,Germany
2015,Shakhtar Donetsk,5. Last 16,Ukraine
2015,Arsenal,7. Group Stage,England
2015,Athletico Madrid,7. Group Stage,Spain
2015,Barcelona,7. Group Stage,Spain
2015,Basel,7. Group Stage,Switzerland
2015,Bayer Leverkusen,7. Group Stage,Germany
2015,Bayern Munich,7. Group Stage,Germany
2015,Borussia Dortmund,7. Group Stage,Germany
2015,Chelsea,7. Group Stage,England
2015,Juventus,7. Group Stage,Italy
2015,Manchester City,7. Group Stage,England
2015,Monaco,7. Group Stage,France
2015,Paris Saint-Germain,7. Group Stage,France
2015,Porto,7. Group Stage,Portugal
2015,Real Madrid,7. Group Stage,Spain
2015,Schalke 04,7. Group Stage,Germany
2015,Shakhtar Donetsk,7. Group Stage,Ukraine
2015,Olympiacos,7. Group Stage,Greece
2015,Malmo FF,7. Group Stage,Sweden
2015,Liverpool,7. Group Stage,England
2015,PFC Ludogorets Razgrad,7. Group Stage,Bulgaria
2015,Zenit Saint Petersburg,7. Group Stage,Russia
2015,Benfica,7. Group Stage,Portugal
2015,Anderlecht,7. Group Stage,Netherlands
2015,Galatasaray,7. Group Stage,Turkey
2015,Roma,7. Group Stage,Italy
2015,CSKA Moscow,7. Group Stage,Russia
2015,Ajax,7. Group Stage,Netherlands
2015,APOEL,7. Group Stage,Cyprus
2015,Sporting CP,7. Group Stage,Portugal
2015,Maribor,7. Group Stage,Slovenia
2015,Athletic Bilbao,7. Group Stage,Spain
2015,BATE Borisov,7. Group Stage,Belarus
2016,Real Madrid,1. Winner,Spain
2016,Athletico Madrid,2. Runner Up,Spain
2016,Athletico Madrid,3. Semifinalist,Spain
2016,Bayern Munich,3. Semifinalist,Germany
2016,Manchester City,3. Semifinalist,England
2016,Real Madrid,3. Semifinalist,Spain
2016,Manchester City,4. Quarterfinalist,England
2016,Benfica,4. Quarterfinalist,Portugal
2016,Athletico Madrid,4. Quarterfinalist,Spain
2016,Bayern Munich,4. Quarterfinalist,Germany
2016,Barcelona,4. Quarterfinalist,Spain
2016,Paris Saint-Germain,4. Quarterfinalist,France
2016,Real Madrid,4. Quarterfinalist,Spain
2016,Wolfsburg,4. Quarterfinalist,Germany
2016,Real Madrid,5. Last 16,Spain
2016,Wolfsburg,5. Last 16,Germany
2016,Athletico Madrid,5. Last 16,Spain
2016,Manchester City,5. Last 16,England
2016,Barcelona,5. Last 16,Spain
2016,Bayern Munich,5. Last 16,Germany
2016,Chelsea,5. Last 16,England
2016,Zenit Saint Petersburg,5. Last 16,Russia
2016,Paris Saint-Germain,5. Last 16,France
2016,PSV Eindhoven,5. Last 16,Netherlands
2016,Benfica,5. Last 16,Portugal
2016,Juventus,5. Last 16,Italy
2016,Roma,5. Last 16,Italy
2016,Arsenal,5. Last 16,England
2016,Dynamo Kyiv,5. Last 16,Ukraine
2016,Gent,5. Last 16,Belgium
2016,Paris Saint-Germain,7. Group Stage,France
2016,Real Madrid,7. Group Stage,Spain
2016,Shakhtar Donetsk,7. Group Stage,Ukraine
2016,Malmo FF,7. Group Stage,Sweden
2016,PSV Eindhoven,7. Group Stage,Netherlands
2016,Manchester United,7. Group Stage,England
2016,CSKA Moscow,7. Group Stage,Russia
2016,Wolfsburg,7. Group Stage,Germany
2016,Benfica,7. Group Stage,Portugal
2016,Athletico Madrid,7. Group Stage,Spain
2016,Galatasaray,7. Group Stage,Turkey
2016,Astana,7. Group Stage,Kazakhstan
2016,Juventus,7. Group Stage,Italy
2016,Manchester City,7. Group Stage,England
2016,Sevilla,7. Group Stage,Spain
2016,Borussia Monchengladbach,7. Group Stage,Germany
2016,Barcelona,7. Group Stage,Spain
2016,Bayer Leverkusen,7. Group Stage,Germany
2016,Roma,7. Group Stage,Italy
2016,BATE Borisov,7. Group Stage,Belarus
2016,Bayern Munich,7. Group Stage,Germany
2016,Arsenal,7. Group Stage,England
2016,Olympiacos,7. Group Stage,Greece
2016,Dinamo Zagreb,7. Group Stage,Croatia
2016,Chelsea,7. Group Stage,England
2016,Porto,7. Group Stage,Portugal
2016,Dynamo Kyiv,7. Group Stage,Ukraine
2016,Maccabi Tel Aviv,7. Group Stage,Israel
2016,Zenit Saint Petersburg,7. Group Stage,Russia
2016,Valencia,7. Group Stage,Spain
2016,Olympique Lyonnais,7. Group Stage,France
2016,Gent,7. Group Stage,Belgium
2017,PFC Ludogorets Razgrad,7. Group Stage,Bulgaria
2017,Arsenal,7. Group Stage,England
2017,Basel,7. Group Stage,Switzerland
2017,Paris Saint-Germain,7. Group Stage,France
2017,Napoli,7. Group Stage,Italy
2017,Besiktas,7. Group Stage,Turkey
2017,Benfica,7. Group Stage,Portugal
2017,Dynamo Kyiv,7. Group Stage,Ukraine
2017,Barcelona,7. Group Stage,Spain
2017,Manchester City,7. Group Stage,England
2017,Borussia Monchengladbach,7. Group Stage,Germany
2017,Celtic,7. Group Stage,Scotland
2017,Bayern Munich,7. Group Stage,Germany
2017,Athletico Madrid,7. Group Stage,Spain
2017,PSV Eindhoven,7. Group Stage,Netherlands
2017,Rostov,7. Group Stage,Russia
2017,Monaco,7. Group Stage,France
2017,CSKA Moscow,7. Group Stage,Russia
2017,Bayer Leverkusen,7. Group Stage,Germany
2017,Tottenham Hotspur,7. Group Stage,England
2017,Borussia Dortmund,7. Group Stage,Germany
2017,Real Madrid,7. Group Stage,Spain
2017,Sporting CP,7. Group Stage,Portugal
2017,Legia Warszawa,7. Group Stage,Poland
2017,Leicester City,7. Group Stage,England
2017,Copenhagen,7. Group Stage,Denmark
2017,Porto,7. Group Stage,Portugal
2017,Club Brugge,7. Group Stage,Belgium
2017,Olympique Lyonnais,7. Group Stage,France
2017,Juventus,7. Group Stage,Italy
2017,Sevilla,7. Group Stage,Spain
2017,Dinamo Zagreb,7. Group Stage,Croatia
2017,Arsenal,5. Last 16,England
2017,Paris Saint-Germain,5. Last 16,France
2017,Napoli,5. Last 16,Italy
2017,Benfica,5. Last 16,Portugal
2017,Barcelona,5. Last 16,Spain
2017,Manchester City,5. Last 16,England
2017,Athletico Madrid,5. Last 16,Spain
2017,Bayern Munich,5. Last 16,Germany
2017,Monaco,5. Last 16,France
2017,Bayer Leverkusen,5. Last 16,Germany
2017,Borussia Dortmund,5. Last 16,Germany
2017,Real Madrid,5. Last 16,Spain
2017,Leicester City,5. Last 16,England
2017,Porto,5. Last 16,Portugal
2017,Juventus,5. Last 16,Italy
2017,Sevilla,5. Last 16,Spain
2017,Bayern Munich,4. Quarterfinalist,Germany
2017,Real Madrid,4. Quarterfinalist,Spain
2017,Borussia Dortmund,4. Quarterfinalist,Germany
2017,Barcelona,4. Quarterfinalist,Spain
2017,Athletico Madrid,3. Semifinalist,Spain
2017,Real Madrid,3. Semifinalist,Spain
2017,Monaco,3. Semifinalist,France
2017,Juventus,3. Semifinalist,Italy
2017,Juventus,2. Runner Up,Italy
2017,Real Madrid,1. Winner,Spain
2018,Real Madrid,7. Group Stage,Spain
2018,Barcelona,7. Group Stage,Spain
2018,Athletico Madrid,7. Group Stage,Spain
2018,Bayern Munich,7. Group Stage,Germany
2018,RB Leipzig,7. Group Stage,Germany
2018,Borussia Dortmund,7. Group Stage,Germany
2018,Chelsea,7. Group Stage,England
2018,Tottenham Hotspur,7. Group Stage,England
2018,Manchester City,7. Group Stage,England
2018,Manchester United,7. Group Stage,England
2018,Juventus,7. Group Stage,Italy
2018,Roma,7. Group Stage,Italy
2018,Benfica,7. Group Stage,Portugal
2018,Porto,7. Group Stage,Portugal
2018,Monaco,7. Group Stage,France
2018,Paris Saint-Germain,7. Group Stage,France
2018,Spartak Moscow,7. Group Stage,Russia
2018,Shakhtar Donetsk,7. Group Stage,Ukraine
2018,Anderlecht,7. Group Stage,Belgium
2018,Feyenoord,7. Group Stage,Netherlands
2018,Besiktas,7. Group Stage,Turkey
2018,Basel,7. Group Stage,Switzerland
2018,Celtic,7. Group Stage,Scotland
2018,Liverpool,7. Group Stage,England
2018,Napoli,7. Group Stage,Italy
2018,CSKA Moscow,7. Group Stage,Russia
2018,Sporting Lisbon,7. Group Stage,Portugal
2018,Qarabag FK,7. Group Stage,Azerbaijan
2018,Olympiacos,7. Group Stage,Greece
2018,Maribor,7. Group Stage,Slovenia
2018,Sevilla,7. Group Stage,Spain
2018,APOEL,7. Group Stage,Cyprus
2018,Barcelona,5. Last 16,Spain
2018,Basel,5. Last 16,Switzerland
2018,Bayern Munich,5. Last 16,Germany
2018,Besiktas,5. Last 16,Turkey
2018,Chelsea,5. Last 16,England
2018,Juventus,5. Last 16,Italy
2018,Liverpool,5. Last 16,England
2018,Manchester City,5. Last 16,England
2018,Manchester United,5. Last 16,England
2018,Paris Saint-Germain,5. Last 16,France
2018,Porto,5. Last 16,Portugal
2018,Real Madrid,5. Last 16,Spain
2018,Roma,5. Last 16,Italy
2018,Sevilla,5. Last 16,Spain
2018,Shakhtar Donetsk,5. Last 16,Ukraine
2018,Tottenham Hotspur,5. Last 16,England
2018,Liverpool,4. Quarterfinalist,England
2018,Real Madrid,4. Quarterfinalist,Spain
2018,Juventus,4. Quarterfinalist,Italy
2018,Manchester City,4. Quarterfinalist,England
2018,Barcelona,4. Quarterfinalist,Spain
2018,Bayern Munich,4. Quarterfinalist,Germany
2018,Sevilla,4. Quarterfinalist,Spain
2018,Roma,4. Quarterfinalist,Italy
2018,Roma,3. Semifinalist,Italy
2018,Real Madrid,3. Semifinalist,Spain
2018,Liverpool,3. Semifinalist,England
2018,Bayern Munich,3. Semifinalist,Germany
2018,Liverpool,2. Runner Up,England
2018,Real Madrid,1. Winner,Spain
2019,Real Madrid,7. Group Stage,Spain
2019,Athletico Madrid,7. Group Stage,Spain
2019,Barcelona,7. Group Stage,Spain
2019,Bayern Munich,7. Group Stage,Germany
2019,Manchester City,7. Group Stage,England
2019,Juventus,7. Group Stage,Italy
2019,Paris Saint-Germain,7. Group Stage,France
2019,Lokomotiv Moscow,7. Group Stage,Russia
2019,Borussia Dortmund,7. Group Stage,Germany
2019,Porto,7. Group Stage,Portugal
2019,Manchester United,7. Group Stage,England
2019,Shakhtar Donetsk,7. Group Stage,Ukraine
2019,Benfica,7. Group Stage,Portugal
2019,Napoli,7. Group Stage,Italy
2019,Tottenham Hotspur,7. Group Stage,England
2019,Roma,7. Group Stage,Italy
2019,Liverpool,7. Group Stage,England
2019,Schalke 04,7. Group Stage,Germany
2019,Olympique Lyonnais,7. Group Stage,France
2019,Monaco,7. Group Stage,France
2019,Ajax,7. Group Stage,Netherlands
2019,CSKA Moscow,7. Group Stage,Russia
2019,PSV Eindhoven,7. Group Stage,Netherlands
2019,Valencia,7. Group Stage,Spain
2019,Viktoria Plzen,7. Group Stage,Czech Republic
2019,Club Brugge,7. Group Stage,Belgium
2019,Galatasaray,7. Group Stage,Turkey
2019,Young Boys,7. Group Stage,Switzerland
2019,Internazionale,7. Group Stage,Italy
2019,1899 Hoffenheim,7. Group Stage,Germany
2019,Red Star Belgrade,7. Group Stage,Serbia
2019,AEK Athens,7. Group Stage,Greece
2019,Schalke 04,5. Last 16,Germany
2019,Manchester City,5. Last 16,England
2019,Athletico Madrid,5. Last 16,Spain
2019,Juventus,5. Last 16,Italy
2019,Manchester United,5. Last 16,England
2019,Paris Saint-Germain,5. Last 16,France
2019,Tottenham Hotspur,5. Last 16,England
2019,Borussia Dortmund,5. Last 16,Germany
2019,Olympique Lyonnais,5. Last 16,France
2019,Barcelona,5. Last 16,Spain
2019,Roma,5. Last 16,Italy
2019,Porto,5. Last 16,Portugal
2019,Ajax,5. Last 16,Netherlands
2019,Real Madrid,5. Last 16,Spain
2019,Liverpool,5. Last 16,England
2019,Bayern Munich,5. Last 16,Germany
2019,Liverpool,4. Quarterfinalist,England
2019,Manchester United,4. Quarterfinalist,England
2019,Manchester City,4. Quarterfinalist,England
2019,Tottenham Hotspur,4. Quarterfinalist,England
2019,Barcelona,4. Quarterfinalist,Spain
2019,Porto,4. Quarterfinalist,Portugal
2019,Ajax,4. Quarterfinalist,Netherlands
2019,Juventus,4. Quarterfinalist,Italy
2019,Liverpool,3. Semifinalist,England
2019,Tottenham Hotspur,3. Semifinalist,England
2019,Barcelona,3. Semifinalist,Spain
2019,Ajax,3. Semifinalist,Netherlands
2019,Tottenham Hotspur,2. Runner Up,England
2019,Liverpool,1. Winner,England
2020,Paris Saint-Germain,7. Group Stage,France
2020,Real Madrid,7. Group Stage,Spain
2020,Club Brugge,7. Group Stage,Belgium
2020,Galatasaray,7. Group Stage,Turkey
2020,Bayern Munich,7. Group Stage,Germany
2020,Tottenham Hotspur,7. Group Stage,England
2020,Olympiacos,7. Group Stage,Greece
2020,Red Star Belgrade,7. Group Stage,Serbia
2020,Manchester City,7. Group Stage,England
2020,Atalanta,7. Group Stage,Italy
2020,Shakhtar Donetsk,7. Group Stage,Ukraine
2020,Dinamo Zagreb,7. Group Stage,Croatia
2020,Juventus,7. Group Stage,Italy
2020,Athletico Madrid,7. Group Stage,Spain
2020,Bayer Leverkusen,7. Group Stage,Germany
2020,Lokomotiv Moscow,7. Group Stage,Russia
2020,Liverpool,7. Group Stage,England
2020,Napoli,7. Group Stage,Italy
2020,FC Red Bull Salzburg,7. Group Stage,Austria
2020,Genk,7. Group Stage,Belgium
2020,Barcelona,7. Group Stage,Spain
2020,Borussia Dortmund,7. Group Stage,Germany
2020,Inter Milan,7. Group Stage,Italy
2020,Slavia Prague,7. Group Stage,Czech Republic
2020,RB Leipzig ,7. Group Stage,Germany
2020,Olympique Lyonnais,7. Group Stage,France
2020,Benfica,7. Group Stage,Portugal
2020,Zenit Saint Petersburg,7. Group Stage,Russia
2020,Valencia,7. Group Stage,Spain
2020,Chelsea,7. Group Stage,England
2020,Ajax,7. Group Stage,Netherlands
2020,Lille OSC,7. Group Stage,France
2020,Dortmund,5. Last 16,Germany
2020,Paris Saint-Germain,5. Last 16,France
2020,Real Madrid,5. Last 16,Spain
2020,Manchester City,5. Last 16,England
2020,Atalanta,5. Last 16,Italy
2020,Valencia,5. Last 16,Spain
2020,Atletico Madrid,5. Last 16,Spain
2020,Liverpool,5. Last 16,England
2020,Chelsea,5. Last 16,England
2020,Bayern Munich,5. Last 16,Germany
2020,Olympique Lyonnais,5. Last 16,France
2020,Juventus,5. Last 16,Italy
2020,Spurs,5. Last 16,England
2020,RB Leipzig ,5. Last 16,Germany
2020,Napoli,5. Last 16,Italy
2020,Barcelona,5. Last 16,Spain
2020,Paris Saint-Germain,4. Quarterfinalist,France
2020,Atalanta,4. Quarterfinalist,Italy
2020,Atletico Madrid,4. Quarterfinalist,Spain
2020,RB Leipzig,4. Quarterfinalist,Germany
2020,Bayern Munich,4. Quarterfinalist,Germany
2020,Olympique Lyonnais,4. Quarterfinalist,France
2020,Manchester City,4. Quarterfinalist,England
2020,Barcelona,4. Quarterfinalist,Spain
2020,Paris Saint-Germain,3. Semifinalist,France
2020,Olympique Lyonnais,3. Semifinalist,France
2020,Bayern Munich,3. Semifinalist,Germany
2020,RB Leipzig,3. Semifinalist,Germany
2020,Paris Saint-Germain,2. Runner Up,France
2020,Bayern Munich,1. Winner,Germany
2021,Bayern Munich,7. Group Stage,Germany
2021,Athletico Madrid,7. Group Stage,Spain
2021,FC Red Bull Salzburg,7. Group Stage,Austria
2021,Lokomotiv Moscow,7. Group Stage,Russia
2021,Real Madrid,7. Group Stage,Spain
2021,Borussia Monchengladbach,7. Group Stage,Germany
2021,Shakhtar Donetsk,7. Group Stage,Ukraine
2021,Inter Milan,7. Group Stage,Italy
2021,Manchester City,7. Group Stage,England
2021,Porto,7. Group Stage,Portugal
2021,Olympiacos,7. Group Stage,Greece
2021,Marseille,7. Group Stage,France
2021,Liverpool,7. Group Stage,England
2021,Atalanta,7. Group Stage,Italy
2021,Midtjylland,7. Group Stage,Denmark
2021,Chelsea,7. Group Stage,England
2021,Sevilla,7. Group Stage,Spain
2021,Krasnodar,7. Group Stage,Russia
2021,Rennes,7. Group Stage,France
2021,Borussia Dortmund,7. Group Stage,Germany
2021,Lazio,7. Group Stage,Italy
2021,Club Brugge,7. Group Stage,Belgium
2021,Zenit Saint Petersburg,7. Group Stage,Russia
2021,Juventus,7. Group Stage,Italy
2021,Barcelona,7. Group Stage,Spain
2021,Dynamo Kyiv,7. Group Stage,Ukraine
2021,Ferencvaros,7. Group Stage,Hungary
2021,Paris Saint-Germain,7. Group Stage,France
2021,RB Leipzig ,7. Group Stage,Germany
2021,Manchester United,7. Group Stage,England
2021,Istanbul Basaksehir,7. Group Stage,Turkey
2021,Bayern Munich,5. Last 16,Germany
2021,Athletico Madrid,5. Last 16,Spain
2021,Real Madrid,5. Last 16,Spain
2021,Borussia Monchengladbach,5. Last 16,Germany
2021,Manchester City,5. Last 16,England
2021,Porto,5. Last 16,Portugal
2021,Liverpool,5. Last 16,England
2021,Atalanta,5. Last 16,Italy
2021,Chelsea,5. Last 16,England
2021,Sevilla,5. Last 16,Spain
2021,Borussia Dortmund,5. Last 16,Germany
2021,Lazio,5. Last 16,Italy
2021,Juventus,5. Last 16,Italy
2021,Barcelona,5. Last 16,Spain
2021,Paris Saint-Germain,5. Last 16,France
2021,RB Leipzig,5. Last 16,Germany
2021,Bayern Munich,4. Quarterfinalist,Germany
2021,Paris Saint-Germain,4. Quarterfinalist,France
2021,Manchester City,4. Quarterfinalist,England
2021,Borussia Dortmund,4. Quarterfinalist,Germany
2021,Real Madrid,4. Quarterfinalist,Spain
2021,Liverpool,4. Quarterfinalist,England
2021,Porto,4. Quarterfinalist,Portugal
2021,Chelsea,4. Quarterfinalist,England
2021,Paris Saint-Germain,3. Semifinalist,France
2021,Manchester City,3. Semifinalist,England
2021,Real Madrid,3. Semifinalist,Spain
2021,Chelsea,3. Semifinalist,England
